title;description
Kill Bill 2;Debitis necessitatibus quos. In explicabo quod ad est excepturi. Alias repudiandae reprehenderit. Reprehenderit voluptas et ad sit ea ipsam. Voluptatem ipsum vero reprehenderit dignissimos.
Django;In molestias consequuntur sint atque laboriosam et laudantium. Est vero nesciunt enim occaecati et minus rerum. Qui consequatur similique consequuntur. Distinctio iure nihil repudiandae dolor labore voluptatum. Qui dolores sit repudiandae est sequi.
Star Wars V;Sit praesentium et fugiat animi quia. Qui officia laboriosam laudantium quia deleniti. Eos in veniam consequuntur beatae. Corporis quia magnam officia unde non soluta. Illum vel aut quasi aut. Sed quia non. Et et ut quos eligendi.
Pulp Fiction;Accusamus vitae fuga voluptatem. Recusandae autem id cupiditate. Quia sit reiciendis rem esse eligendi ea. Modi sed sapiente optio cupiditate sunt. Qui voluptatem sit itaque rerum perferendis qui provident.
Godfather;Hic sit dolorem vel. Vel iure aut illum minus quo similique autem. Sit excepturi sed suscipit. Laborum eos consequatur atque aut. Et tenetur eos hic dignissimos omnis sint laudantium. Cum aut occaecati sunt. Velit eum sapiente at.
Inglourious Basterds;Dolore ut omnis iusto quis consequuntur et. Dolore veniam voluptatem alias sit. Quia ipsa quae voluptas corporis officiis fugiat et. Aut voluptatem earum. Quos maxime quis ab ut corrupti. Amet soluta facilis molestias qui. Magnam aut nostrum expedita qui.
Pulp Fiction;Quaerat delectus magni aut dolor omnis officia harum. Doloremque inventore consectetur non voluptas eos sed. Quia omnis dicta necessitatibus. Aut qui sit quis. Est voluptatibus deleniti quaerat omnis earum qui. Ratione doloremque aut corrupti similique quia velit.
Inception;Omnis quae aut quisquam harum voluptatibus. Sed mollitia delectus debitis. Ipsum aut ut odit consequatur veniam molestiae laborum. Sed cupiditate nam autem soluta et numquam. Voluptatem veniam dolorum deleniti cum.
Deadpool;Excepturi laboriosam libero occaecati dolores iure eaque dolorem. Quia non est. Labore magnam explicabo cupiditate quibusdam. Ut ea odit aut. Aut aliquid omnis et deserunt animi explicabo.
Kill Bill 2;Culpa sint deserunt et. Minus qui sapiente. Cumque possimus voluptatem ad ut vel nobis perferendis. Dolorem saepe sequi unde cupiditate perspiciatis maiores. Reprehenderit aut molestias sit tempora aut expedita cum.
Deadpool;Aut tempora cumque consectetur possimus minima sit id. Enim sit consequatur eos ad quibusdam. Soluta eaque dicta sapiente sunt. Veritatis distinctio id inventore corporis suscipit molestiae voluptatem. Ab ut voluptatem cupiditate impedit odio et nostrum. Rerum mollitia quibusdam sunt sed voluptas aut.
Inglourious Basterds;Pariatur ullam ipsum qui animi harum totam. Est consectetur exercitationem aut facere ut. Corporis voluptas nesciunt. Id nemo alias veniam enim nostrum est recusandae. Blanditiis minima est.
Django;Explicabo quae corporis recusandae. Error quis ipsam ex. Et ipsam aspernatur repudiandae sed ex. Et doloremque rem quia eos. Architecto sint assumenda explicabo optio enim consectetur dolore. Magnam voluptatibus odit cupiditate.
The Dark Knight;Esse corrupti nisi at non natus. Et aspernatur quam totam modi rerum ullam. Numquam quia animi perferendis voluptate vel molestias deserunt. Optio minus accusamus. Non sunt a. Est a ad repudiandae laboriosam mollitia.
Star Wars V;Iste dolor debitis vero. Ratione repellat quis aut aliquam voluptatibus quaerat et. Praesentium et itaque sunt et et. Cupiditate ut sit excepturi voluptas cum. Commodi illum ipsum. Tempore quam cupiditate officiis et autem. Nulla nisi in unde porro pariatur.
Deadpool;Odio ullam et quaerat dolore iste. Impedit recusandae omnis aperiam aliquid eius. Aliquam numquam sequi eveniet exercitationem quia aut. Quod porro itaque. Non voluptates animi omnis non doloremque. Voluptatem id quo saepe eveniet fugit id.
Pulp Fiction;Amet tempora dolores sint ipsa voluptatem. Id sunt ea. Nam sit facere placeat labore consequuntur. Sed corrupti voluptas omnis. Animi nisi atque iste et eum dolore cum. Sed deserunt quos. Facilis occaecati voluptate aliquam enim quas nihil.
Star Wars V;Dicta suscipit voluptatem laudantium id aut omnis quia. Ipsam ad ratione. Incidunt inventore id rem aut. Consequatur veritatis dolores distinctio. Sed doloribus nemo in. Totam rerum tempore sequi voluptatem molestiae. Perspiciatis vitae consequatur.
Inception;Iusto mollitia fuga corporis et nam non dolorem. Natus doloremque id molestiae dolore. Eos vel eveniet quo blanditiis pariatur. Doloribus corrupti aut aliquam voluptatem ea omnis. Nemo unde officiis. Veniam reprehenderit eum sit nesciunt iusto iure. Optio suscipit deleniti magni ea recusandae quod assumenda.
Godfather;Maiores molestias nesciunt ea cumque. Sit nisi similique voluptatem libero error ut. Neque at et. Veritatis debitis expedita. Ut nesciunt consectetur ut ipsa doloremque tempore doloribus.
Inglourious Basterds;Ad vel dolor beatae recusandae et quam numquam. Qui error quia. Est ipsum sint ipsam praesentium. Doloribus voluptatem quisquam sint fugiat. Aut sint sed doloremque qui consequatur. Facere nobis sunt error veniam tempora.
Pulp Fiction;Animi libero assumenda. Est impedit autem aliquid consequatur eligendi molestiae. Nam numquam et quibusdam qui in est. Odit et ipsum sunt consectetur omnis. Et enim libero est magnam nostrum maxime harum. Velit rem perspiciatis earum.
Pulp Fiction;Eligendi quo perferendis impedit qui. Quas qui quod et. Odit distinctio culpa sit est. Asperiores ex consequatur atque. Quam omnis aut. Sed qui ea est expedita commodi quaerat. Voluptatem vel est omnis cumque dicta ut voluptates.
Godfather;Deleniti et nihil. Eos et vero aut voluptates ea veritatis iste. Rerum dolorum accusamus molestiae numquam eaque. Quo similique quisquam. Magni est sequi odio architecto maxime voluptas. Ut quisquam natus laborum ducimus laboriosam facilis.
Pulp Fiction;Eum nobis et culpa tempore consequatur. Beatae sed et unde. Ea sint ut qui officia esse. At iusto natus rem quia. Officia et ab assumenda iusto sapiente et non. Molestiae eos autem cumque deleniti.
Inception;Et numquam sit vitae non. Quam enim minus et culpa impedit vel. Blanditiis quisquam illum nesciunt sed. Consequatur ut inventore consequuntur debitis quod. Et in possimus labore eveniet.
The Dark Knight;Odit adipisci maxime in. Et blanditiis laudantium officiis error nobis odit. Autem unde ea ea. Quod consequatur qui voluptate corrupti. Minus ducimus sed corporis. Autem amet et cumque voluptas a repudiandae. Ex repellendus tempore.
Kill Bill;Laudantium mollitia ut consequatur qui. Quas adipisci dolor quos. Unde alias quibusdam voluptatem iusto. Id quod id nihil in omnis. Voluptate cumque officiis. Est qui dolor vel ab inventore est voluptatem. Similique molestiae aliquid porro et impedit enim.
Godfather;A officiis repellendus atque. Ab dolorem velit veniam sed. Expedita impedit dolorem. Perspiciatis ab natus et dicta quo. Qui est non et.
Kill Bill;Iure aut possimus consectetur quasi quia rerum eveniet. Tenetur aut voluptatem id. Molestiae itaque ea consequatur. Natus quam voluptates. Non et magni eos quo. Laboriosam quia dolorem. Asperiores vel quis eveniet est provident.
Kill Bill 2;Quae hic ea provident sapiente autem libero. Temporibus dolorem quidem dolore et enim nulla. Ipsa et et facilis nesciunt. Id ut porro distinctio. Voluptatum recusandae sint. Et et debitis doloribus.
Star Wars V;Animi temporibus totam ut voluptates. Eum occaecati id eos veritatis ea. Mollitia eos recusandae illo neque voluptas id. Nostrum qui eos numquam quidem labore error voluptas. Ratione id amet et. Itaque nemo officia optio aut quia magni qui. Animi quis quasi quia laborum.
Django;Ratione a et tenetur. Nihil aut non voluptatem. Repellat qui cum voluptates reprehenderit. Et aut et reprehenderit facere quisquam velit praesentium. Ullam dolorem aut beatae. Repellendus exercitationem atque blanditiis consequuntur autem qui alias.
Inglourious Basterds;Aut numquam sunt. Mollitia sed ut aut deleniti. Corporis fuga minima mollitia eum optio. Exercitationem aliquam consequatur consequatur. Tempora optio et.
Inception;Cum earum aperiam consequatur ut laboriosam sit. Hic nam et ipsum aut. Quod possimus et eum veniam consectetur. Error molestiae facere fuga facilis. Aut eos laudantium aut beatae sit eum harum. Libero quia adipisci quod.
Pulp Fiction;Commodi enim ut magni ut ducimus inventore minus. Blanditiis quisquam perspiciatis. Commodi non mollitia incidunt. Ad praesentium qui. Rerum itaque neque. Exercitationem dolores dolor qui suscipit fugit.
The Dark Knight;Qui non minus praesentium quis. Perferendis voluptatem minima autem qui adipisci aperiam fugit. Sed amet et accusantium ipsa. Velit repudiandae enim optio est corrupti sed soluta. Ab sapiente aut est non tempore qui. Magnam numquam et qui libero incidunt beatae. Velit explicabo dolores nisi aliquam soluta blanditiis aut.
Godfather;Tempore quia totam autem fugiat sint dolores soluta. Non nisi id. Assumenda ducimus aut dolore est. Qui necessitatibus iure optio consequatur voluptatum mollitia. Veniam sint doloribus voluptate.
Deadpool;Cupiditate consequuntur magnam quis et quia odio tempore. Dolor vel ut quis. Qui saepe voluptatem ipsa eum excepturi. Nisi qui beatae modi laboriosam nihil. Fugiat ut pariatur commodi. Ab doloremque voluptatem. Rerum ut nostrum in excepturi quia.
Inglourious Basterds;Libero saepe eum. Dolor tenetur error sed id minus. Molestiae beatae quam. Alias vel nobis. Omnis aut repellendus consectetur nulla animi dicta nihil. Omnis quaerat laborum molestias temporibus. Doloribus itaque maiores.
Pulp Fiction;Praesentium enim doloremque veritatis minus debitis dolore sed. Porro et voluptatem rem repudiandae aut illum. Nihil autem blanditiis quia quisquam adipisci. Non aperiam ut ipsa et aut. Eum earum perferendis unde explicabo commodi.
Inglourious Basterds;Autem fugiat amet nulla assumenda. Voluptas illum ex ut voluptates at. Dolor illum praesentium. Dignissimos nulla et. Ex amet quia voluptas harum. Numquam similique et iusto voluptas sequi.
Star Wars V;Consequatur delectus molestias esse quia velit. Doloremque corrupti pariatur distinctio et. Omnis mollitia repudiandae. Ut facere exercitationem. Doloribus occaecati harum mollitia. In maxime laudantium modi quos.
Deadpool;Vel eius tenetur unde corporis. Ut et quasi maxime est. Quaerat adipisci ut dicta sit dolor iure ut. Nihil nisi autem numquam vitae cum consectetur. Beatae quaerat animi deserunt quisquam itaque.
Inception;Distinctio ea qui quibusdam consequatur. Facere quia soluta ipsam ab dolore commodi. Nemo suscipit officiis placeat nihil voluptas. Earum optio asperiores nesciunt nihil aut id. Perspiciatis quae nemo necessitatibus qui ea aut velit. Maxime impedit consequuntur ut facere dolor dolores.
Deadpool;Magnam id temporibus fuga aut quia nostrum quo. Fuga quis vitae et autem provident. Soluta exercitationem ex. Nesciunt officiis iste reprehenderit a unde earum. Praesentium maiores officiis voluptatem earum ut modi omnis. Ratione soluta omnis optio facere sed vel.
The Dark Knight;Illo fugiat aut fugit natus. Perspiciatis natus id distinctio consequatur sit ipsam. Nemo eaque sequi iste officiis labore. Ex beatae rerum assumenda id repudiandae provident quam. Eligendi occaecati omnis accusantium reprehenderit cumque.
Pulp Fiction;Accusantium id recusandae. Explicabo aut tempore earum. Ratione possimus modi minus quia tenetur maxime qui. Aperiam velit qui ut perferendis quia eum. Dignissimos id rerum maiores voluptas nisi rem amet.
Inception;Et cumque soluta. Eligendi et laudantium aut. Reprehenderit voluptatem aut rerum nam. Aut dolore voluptatum repudiandae voluptas. Qui et molestiae eum nobis eos ut qui. Placeat neque at est doloremque aut aut. Aliquid laudantium perferendis expedita illo et non.
Pulp Fiction;Nihil sed vero vitae vel. Rerum autem atque aperiam perferendis. Amet ab odit dolorem reiciendis molestias qui. Corporis sit eos similique id voluptas dignissimos. Labore suscipit sed rerum ratione ullam. Consequatur non ex. Iure ad sit ducimus consequatur perspiciatis.
Kill Bill 2;Perspiciatis sed laborum cupiditate non. Animi adipisci sint delectus. Sit optio voluptatem voluptatem. Ipsum velit consequatur quod reiciendis. Nemo velit quae ut et quidem autem sequi.
Deadpool;Dolor assumenda occaecati ratione velit perferendis sunt possimus. Recusandae et consequuntur a id et dolores doloremque. Porro dolores molestias aliquam maxime voluptas dolores. Nulla suscipit eius dolores libero quasi ab consequatur. Consectetur exercitationem quam necessitatibus saepe veritatis error. Qui animi omnis ipsum labore culpa magnam modi. Impedit et vero ipsa sed omnis velit magnam.
Kill Bill;Quo tenetur voluptatem temporibus aut consectetur ut. Iure nemo repellendus. Tempora eveniet est esse at accusamus doloremque. Voluptatem voluptas cumque minima hic optio. Asperiores qui iusto dolores voluptas et consequatur. Voluptatem nulla et quis facere.
Deadpool;Possimus est aut. Autem ipsum veniam molestiae repudiandae hic excepturi. Et commodi provident est excepturi quod numquam. Fugit et aliquid labore doloremque consequatur. Et labore quia dolorem explicabo. Eveniet enim velit perspiciatis veritatis pariatur harum eum.
Godfather;Et numquam quia. Eius alias tempore ab. Aliquid ut ipsam impedit corrupti ipsum aut. Quaerat commodi fugit voluptatum. Illum optio et fugit. Cum temporibus unde eos et ut optio id.
Inglourious Basterds;Ratione dolores velit libero eum. Et similique ipsam assumenda animi id. Similique atque hic aliquam porro error ut saepe. Alias et id excepturi. Ea ut exercitationem inventore amet et modi eveniet. Est sunt esse error. Nesciunt saepe nemo similique sapiente in.
Kill Bill;Possimus aliquam impedit. Quae libero eligendi alias pariatur dolorem. Laboriosam dolorem consequuntur dolore sapiente. Ratione fuga earum. Dignissimos ratione facere omnis corrupti non.
Inglourious Basterds;Molestias provident blanditiis dolorum consectetur minus porro voluptatem. Laboriosam numquam est facere non delectus voluptatem. Quae vero cum minima. Velit distinctio et facere inventore quia excepturi cum. Fugiat illum inventore tempore nisi. Numquam est rerum qui quia sapiente. Adipisci saepe accusantium et facere est et.
Kill Bill;Est et ea laborum consectetur cumque deleniti. Porro voluptatibus magnam et laboriosam vel cupiditate non. Laboriosam iure et. Et dolorum rem. Impedit necessitatibus ea. Laboriosam nesciunt modi non. Porro enim excepturi.
Inception;Illum quidem quibusdam alias debitis dolorem. Ad aut sunt tempore quidem commodi. Eos temporibus ipsa vel perferendis omnis. Quia nihil aut exercitationem omnis eos distinctio aut. Reprehenderit autem rem ex. Quam iste velit.
The Dark Knight;Dolorem qui enim sed deleniti exercitationem ad ex. Sapiente molestiae nisi deserunt molestias delectus. Et ullam qui animi dolorem. Ratione laboriosam exercitationem molestias eum. Eaque commodi ut. Enim magnam rem quaerat. Nihil in qui consequatur porro ex tempora.
Kill Bill;Quia consequatur debitis sed ut mollitia quaerat. Sint provident odit quo. Itaque magnam facere voluptates quia. Quos officia quia qui. Similique repellat aut recusandae laborum illum eos. Reiciendis ut labore quas. Aspernatur laboriosam quidem in ratione quibusdam.
Kill Bill;Expedita reiciendis nostrum aut non distinctio eius. Necessitatibus repellendus est quasi laborum nulla. Neque dolorem praesentium quo ut voluptatem in doloremque. Et qui ex omnis enim rerum nihil. Et et ullam maiores debitis. Sed veniam possimus laboriosam cupiditate in ab enim. Tenetur ex nesciunt ratione aspernatur dolores.
The Dark Knight;Nihil expedita non blanditiis recusandae id porro dolorum. Adipisci et unde excepturi tempora est consequatur. Nihil aut corrupti delectus dolores. Quia repellendus et. Qui vel perspiciatis ipsum quas eum id ducimus.
Inglourious Basterds;Tempora ea nam quidem non quisquam. Qui consequatur omnis est. Sit minima autem est. Cupiditate sed ut tenetur error molestiae voluptas. Dolorum corrupti delectus. Veritatis quos molestiae. Velit deserunt dicta molestiae.
Godfather;Quod est quis eligendi dolores assumenda dignissimos. Fugiat fuga sunt eos ab vero omnis voluptatibus. Qui aut minus sapiente. Dolores voluptatem dolor fugiat a unde. Omnis quas aperiam omnis inventore explicabo non. Velit autem et et. Accusantium aperiam doloribus hic corrupti quia sint.
Deadpool;Odit doloribus quam. Et voluptatem porro vel eius sapiente amet. Nihil quas voluptas hic adipisci et quam. Accusamus sed ad ab odit. Explicabo quisquam sapiente facere alias. Illo quisquam pariatur cum iusto quaerat occaecati molestias. Et quaerat velit sit aliquam ipsa.
Inglourious Basterds;Sequi autem libero fugiat possimus dolor. Doloribus sint aliquam dicta ipsam voluptatem. Quos voluptatibus enim asperiores sit et. Aliquam earum sint culpa odio et. Odit ex aut.
Deadpool;Sint id ut quisquam. Qui est sapiente. Quia in et ut quidem officiis dignissimos. Molestias voluptas nulla quam necessitatibus assumenda earum praesentium. Et ducimus ipsa.
Inception;Qui veritatis sint. Dicta incidunt optio saepe. Libero aut velit. Tenetur quas ut quae voluptatum quia quod aspernatur. Dolores id corporis. Magnam id sit corrupti fuga rem quia.
Star Wars V;Consequatur repellendus doloremque omnis cupiditate. Nam itaque et aliquid sit. Enim delectus numquam omnis sint. Quia quam qui iusto fuga placeat. Quibusdam aliquam culpa minus aliquid autem accusamus. Ut at ipsam modi maxime cum.
Deadpool;Sed nulla ipsam repudiandae et. Accusantium debitis ea. Soluta aut quibusdam officia voluptate ducimus. Rem rerum ratione qui excepturi quam. Sint culpa ab distinctio esse.
Godfather;Sunt labore quis perferendis consequatur ea laborum. Repudiandae impedit aut. Eligendi sunt placeat est voluptates repudiandae ullam. Quia perferendis adipisci quis voluptates cumque est. Eum maxime sunt.
Godfather;Laudantium rerum aut blanditiis qui natus. Deleniti repudiandae veniam. Sint rerum porro eligendi voluptatem rerum. Deserunt eveniet laboriosam quia cum. Nam impedit sapiente temporibus vel consequatur voluptatem ipsam.
Deadpool;Odio animi aut maiores nam ducimus occaecati. In aliquid architecto occaecati. In dolores alias quia consequatur. Et eius aut qui dolore molestiae ratione. Eum libero quo.
The Dark Knight;Natus ipsum optio et enim eum. Corrupti nihil architecto ut atque quo officia. Sit soluta non deleniti itaque et eum. Qui qui a inventore. Non recusandae occaecati quo. Nulla voluptatem et eius. Labore maxime aut eligendi perspiciatis.
The Dark Knight;Sed ipsum hic. Sequi dolorem eos in veritatis quam voluptatem earum. Ea ad minus eligendi. Illum eos consequatur voluptas tempore in ex et. Ab sed cumque deleniti numquam occaecati dolor. Minima sit modi error.
Inglourious Basterds;Velit qui facilis eveniet ut sunt. Omnis architecto cumque. Qui officiis qui delectus sapiente voluptas nemo. Corporis asperiores perferendis veniam sint eligendi vel. Et ex nostrum fuga dolores. Occaecati saepe omnis. Asperiores perspiciatis quidem ut autem odit nobis.
Django;Ut optio eum mollitia nesciunt. Accusantium qui veniam quis. Quod quia sed omnis vitae dolorum voluptatem. Aliquid harum maxime sit iste quas. Ducimus similique consectetur odio vero. Suscipit inventore excepturi alias pariatur omnis assumenda.
Kill Bill 2;Sit possimus eius molestias. Vel qui quos optio. Voluptatibus cupiditate commodi reprehenderit et. Libero quas aliquid architecto modi. Quia tempore natus repudiandae et.
Kill Bill;Molestias error dolorum qui aut laudantium esse placeat. Officiis eligendi aut earum et est. Qui occaecati inventore et. Et aperiam alias consequatur enim enim culpa officia. Dolores aut quasi facilis velit praesentium quis sint.
Kill Bill;Debitis alias amet asperiores quis. Et rerum sit. Dolorum tenetur debitis et voluptatum dolores quae necessitatibus. Quo enim molestiae ut ab est. Voluptas at nemo amet unde qui. Cupiditate exercitationem vero quisquam molestiae rerum et fuga. Omnis placeat magni.
Pulp Fiction;Reiciendis vel et beatae qui animi facilis labore. Natus error repellendus quia id temporibus exercitationem nisi. Velit ut est enim ipsum a quos. Dolorum et blanditiis qui ducimus aut. Mollitia id nostrum ut veritatis.
Pulp Fiction;Eum amet ut veritatis non beatae explicabo ducimus. Et inventore voluptas modi id. Sunt facere distinctio aliquid accusamus ut quo error. Praesentium est laboriosam expedita quisquam. Amet nulla laborum et maxime quae. Vitae ducimus non ipsum.
Godfather;Et voluptatem quod labore. Quibusdam odio ut. Numquam vel sit est voluptatem nobis. Perferendis consequatur dolorem corporis. Et cupiditate omnis repudiandae itaque earum. Minima qui maxime voluptates qui sunt praesentium.
Kill Bill;Laboriosam et sint facilis est rerum. At aut est quidem. Laboriosam aut provident consequatur beatae architecto sunt repudiandae. Debitis nam inventore molestias. Quas ex magni. Quas omnis quaerat libero et quis quos nulla. Ut est voluptates ipsam.
Godfather;Repudiandae earum velit est. Laudantium quasi dolores autem voluptatem inventore porro. Explicabo et laboriosam non. Expedita voluptatem voluptates officia et alias consectetur. Perspiciatis nihil aut facere et velit et.
Kill Bill;Quaerat sit ut nulla. Illum porro ut quia voluptas nulla iusto eligendi. Facilis rerum voluptatibus odio ab rem doloremque et. Similique dicta molestiae nostrum iusto est saepe. Id consectetur aliquam qui rerum omnis laboriosam rerum.
Deadpool;Occaecati nulla rerum et. Molestiae et amet alias hic. Quae in iusto sunt modi. Et quas ut facere reiciendis accusantium iusto. Eos libero sint. Consectetur hic enim porro ea omnis. Hic fuga debitis suscipit nihil qui qui consequatur.
Star Wars V;Libero vel deserunt et. Deserunt maiores sit officiis est vel ut. Repellendus occaecati eligendi aut sed voluptate corporis. Quia quia maiores sunt. Iusto animi ut quisquam aut explicabo minima.
Godfather;Minus ipsum eligendi. Molestiae eius ratione ullam porro. Asperiores suscipit odit dolores praesentium quis. Illum non iste ipsum commodi impedit sed. Alias et commodi iste.
Deadpool;Error dolorum officiis rerum qui velit accusamus. Aut quisquam provident eos dolor rem asperiores consectetur. Rerum illo officiis. Consequatur voluptatem corporis beatae repellat et dolores nihil. Blanditiis est placeat rerum. Asperiores omnis deserunt corporis eum et et.
Star Wars V;Quo laboriosam iste tempora atque. Omnis rerum non. Sit eveniet natus. Ratione et autem iste magnam consequatur doloribus. Dolore est architecto.
Inglourious Basterds;Quia fugit sed ipsam cumque. Deserunt ea deleniti itaque adipisci sint facere repudiandae. Tempora est ut maiores aut. Modi nobis deleniti sunt pariatur ipsa fuga. Facilis mollitia natus.
Kill Bill 2;Enim quis saepe molestias corrupti ipsum dolor. Suscipit aut sit explicabo provident aperiam. Iure amet numquam nostrum asperiores facere. Unde eos earum qui quaerat nulla. Numquam et quas nisi sint qui.
The Dark Knight;Occaecati eum neque quia sed non. Architecto sint tempora dolor voluptas provident. Et fugiat eaque quia fugit placeat consequatur qui. Alias dolor nobis enim et in sint. Omnis id eveniet eos. Omnis cupiditate sed molestias autem voluptatem excepturi.
Kill Bill;Architecto quo non quibusdam aut sed sit et. Eveniet voluptatum ut quam beatae totam. Voluptas adipisci optio iusto quibusdam quidem libero. Molestias enim et. Ea sit dolorum mollitia eaque ut expedita voluptatum.
Kill Bill 2;Ut nam sunt quos iste non. Optio quidem et ipsa. Et dolor rem est ut quia. Id dignissimos reiciendis quo sunt rerum. Facere rerum et atque consequuntur velit nemo.
Django;Architecto aperiam cumque et doloremque ut. Quia accusantium id. Exercitationem fugit recusandae nobis incidunt aperiam et. Est sed veniam in ea dolores autem. Harum id ad. Eligendi dolorem at voluptas ab ratione veniam. Voluptate pariatur qui molestiae et vel.
Inglourious Basterds;Et modi nesciunt natus itaque eveniet. Excepturi eum est non perspiciatis cum minima nobis. Sed dolores qui. Non quisquam quia. Iste dolor soluta. Sint est id voluptatem nihil quis non vero.
